KM Cluster,PC 1,PC 2,PC 3,PC 4,PC 5,PC 6,PC 7,PC 8,PC 9,PC 10,PC 11,PC 12,PC 13,PC 14,PC 15
0,1.8477293558192263,2.5623887641212453,1.981387535720085,0.8699847552525339,-1.4684866480282244,-0.4469194946773236,0.4395112062602885,0.11832460273046336,0.6019043676077079,-0.7771059605866503,-0.48547703557576527,0.2788093253559217,-0.5465826071742955,0.09126269836781445,-0.2648032933437415
1,-7.343027201536662,7.325372470714397,-1.4396236880734115,0.002934217354789084,1.1634152516655458,0.13911498754360105,0.07714176987485115,1.0554975141481566,0.46326135308252037,0.5126153854610215,-0.4466783379845565,-0.08932333227990476,0.2639858972684263,0.1205189431901444,0.25027155989810357
2,-2.62301439475507,-4.762004544118715,-1.7243300597562252,0.8739921723350719,-0.8325775688868092,0.269229080149666,0.5428575072963,-0.5698442272510759,-0.28988539357768117,-0.39503977905493187,0.5391086509512374,-0.36866860620433606,0.1287295172354142,-0.40145407736414296,-0.1035600114349131
3,8.511517908644787,8.667920696306663,-0.3387390536545354,0.47553764152945516,-1.3073095139516884,0.12168697868922927,0.026063843559947904,-0.7818174156032794,-1.104285594575496,-0.15428735233866847,1.2145687383704136,0.1617659490888057,0.3997850056802834,-0.3816295224684404,-0.12333683672103853
4,7.812960751556098,-0.3429577840963899,-1.8197001671389432,0.3192481449677672,1.5289563445106924,0.003600860518438591,-0.12563448241150377,0.2978761602565802,0.4125574565765235,0.19500347829369077,-0.6997401122320033,-0.36998266431379256,-0.016231964520643318,0.07712003280212112,0.30778036736798353
5,-4.977060894969533,0.8855479643308759,-0.2597606217578379,-0.21352643399950158,0.0025969079814318887,0.03170307709030053,-0.6907924296352652,-0.7309557256118767,-0.5277138593675934,0.17168092486501482,-0.1596153641643413,-0.01424030853190515,-0.30527927670613275,0.08755608565012682,-0.10162626181543719
6,1.588707791729409,-4.483959063488885,0.23745709897412492,-0.6913584058052763,-0.13552032393444616,-0.10804657611420884,0.09509063175599698,0.6553061347700604,0.3196045157371496,0.10404073955657428,-0.013974654708012641,0.5878560920214488,0.15703544043722717,0.38473006793260284,0.09357354133459761
7,-1.3591823369187663,-1.6394035350055531,3.893147328539042,-1.0599676487656657,0.5530425548353949,-0.08408622988308094,-0.18908766939530597,-0.07294786428824741,0.012890746840554627,0.15727599427628033,0.24790566313575518,-0.2125059115919156,-0.040680185508803826,-0.1742209545150238,-0.12874741815414947
